UID,score
Te-1,5.973084017434318
Te-2,15.330436451370158
Te-3,5.973084017434318
Te-4,5.973084017434318
Te-5,5.669788025613938
Te-6,32.30856774596732
Te-7,36.92231080246901
Te-8,23.539510548962532
Te-9,5.973084017434318
Te-10,5.469058586289507
